sequence,task,condition,reset_state,repetition,block_id,derived_run_id,status,model_invoked,governed_record_intact_for_this_row,governed_record_attributed_to_arm,artifact_dir_shared_with_attempted_row,collision_partner_sequences,artifact_dir,governed_record_sha256
1,PT07,C1,NON_RESET,1,PT07|NON_RESET|R1,afci-efficiency-pilot-pt07-c1-real-r1-bbf19c70f5d4,INTACT_GOVERNED_OBSERVATION,True,True,NON_RESET,False,19,D:\afci-runs\obs\afci-efficiency-pilot-pt07-c1-real-r1-bbf19c70f5d4,54385f7387c07aad83eb0d682a67cb301e199870336decfb1952638e424b2033
2,PT07,C4,NON_RESET,1,PT07|NON_RESET|R1,afci-efficiency-pilot-pt07-c4-real-r1-c996b3ffb249,INTACT_GOVERNED_OBSERVATION,True,True,NON_RESET,False,20,D:\afci-runs\obs\afci-efficiency-pilot-pt07-c4-real-r1-c996b3ffb249,87fe7f512a053441b80c29d6ac128f6a7399b2ab586c041c5eef8922568d5631
3,PT01,C4,RESET,3,PT01|RESET|R3,afci-efficiency-pilot-pt01-c4-real-r3-1a5e41dba903,INTACT_GOVERNED_OBSERVATION,True,True,RESET,False,18,D:\afci-runs\obs\afci-efficiency-pilot-pt01-c4-real-r3-1a5e41dba903,75bce3d77b682fb5ffac2456b6b1712fe0cf4ef2d97b3378972fd63f1d4c03f7
4,PT01,C1,RESET,3,PT01|RESET|R3,afci-efficiency-pilot-pt01-c1-real-r3-960cd0a8efce,INTACT_GOVERNED_OBSERVATION,True,True,RESET,False,17,D:\afci-runs\obs\afci-efficiency-pilot-pt01-c1-real-r3-960cd0a8efce,52b8fd047c0592c41063664f312d5c96f0e4b2decd7b1e4738b3ece5ba4dfd91
5,PT01,C1,RESET,2,PT01|RESET|R2,afci-efficiency-pilot-pt01-c1-real-r2-c2e0afda6c84,INTACT_GOVERNED_OBSERVATION,True,True,RESET,False,10,D:\afci-runs\obs\afci-efficiency-pilot-pt01-c1-real-r2-c2e0afda6c84,4eb1a9269b4106eb953a53019cdce7948beb9915def2d13320ca36be9e6da5de
6,PT01,C4,RESET,2,PT01|RESET|R2,afci-efficiency-pilot-pt01-c4-real-r2-d0837c0e6305,DAMAGED_GOVERNED_RECORD_OVERWRITTEN,True,False,NON_RESET,True,9,D:\afci-runs\obs\afci-efficiency-pilot-pt01-c4-real-r2-d0837c0e6305,6e1af2ab57b34b59648a6d2a830d2f00ad76f731936a07c273118b2576c366fe
7,PT07,C4,RESET,3,PT07|RESET|R3,afci-efficiency-pilot-pt07-c4-real-r3-f6b664e36aa7,INTACT_GOVERNED_OBSERVATION,True,True,RESET,False,35,D:\afci-runs\obs\afci-efficiency-pilot-pt07-c4-real-r3-f6b664e36aa7,9620ae2fde7d436f615729b74a493b24a66e7bfc87632e14d77d10fb5292fb65
8,PT07,C1,RESET,3,PT07|RESET|R3,afci-efficiency-pilot-pt07-c1-real-r3-6fa7159e8e17,INTACT_GOVERNED_OBSERVATION,True,True,RESET,False,36,D:\afci-runs\obs\afci-efficiency-pilot-pt07-c1-real-r3-6fa7159e8e17,af9bad2987ba6f860fe1281bb1540f142064fdd4b2f79744bf0fc3f7366d573d
9,PT01,C4,NON_RESET,2,PT01|NON_RESET|R2,afci-efficiency-pilot-pt01-c4-real-r2-d0837c0e6305,DAMAGED_POST_DELIVERY_COLLIDING_OBSERVATION,True,False,NON_RESET,True,6,D:\afci-runs\obs\afci-efficiency-pilot-pt01-c4-real-r2-d0837c0e6305,6e1af2ab57b34b59648a6d2a830d2f00ad76f731936a07c273118b2576c366fe
