decision_id,blocking,decision,owner,resolved_when,gate,referenced_in,status
TD-B01,yes,Condition-neutral non-canonical reset checkpoint predicates and the pre/post-reset budget split (pre-reset consumption logged separately from equal post-reset allowance) per task,Pilot Task Designer,pilot task design,G2,RESET_PROTOCOL.md; RESET_CHECKPOINT_MATRIX.csv; CRITICAL_DESIGN_DECISIONS.md,open
TD-B02,yes,Freeze the final model-execution settings after resolving MODEL_EXECUTION_CONTROLS Q1-Q10 by a controlled dry run,Harness Engineer,after dry-run validation,n/a,MODEL_EXECUTION_CONTROLS.md; run_manifest.schema.json; RUN_ARTIFACT_MATRIX.csv; REVIEWER_RESPONSE_MATRIX.csv,open
TD-B03,yes,Select the primary benchmark model (do NOT select Sonnet or Opus yet); screen including C1/C3/C4; never select on the largest AFCI effect (D10),Study Lead,after dry-run validation (TD-B02),n/a,MODEL_REGISTRY.yml; MODEL_REGISTRY.csv; PILOT_AND_POWER_POLICY.md; CRITICAL_DESIGN_DECISIONS.md; REVIEWER_RESPONSE_MATRIX.csv,open
TD-B04,yes,Author the approved MAD and machine-checkable architecture-rule catalog (rule ids; severity; evaluator) delivered by C3/C4,Oracle Designer,pilot task design,G1/G5,CONDITIONS.md; TASK_RULE_MATRIX.csv; ORACLE_TRACEABILITY.csv; ARCHITECTURE_RULE_CATALOG.yml; ARCHITECTURE_RULE_TRACEABILITY.csv; ARCHITECTURE_CONTEXT.md; experiments/v2/oracle,open
TD-B05,yes,Author the hidden acceptance criteria; out-of-scope surface; and legitimate alternatives per task (kept hidden),Oracle Designer,pilot task design,G1,TASK_ACCEPTANCE_MATRIX.csv; ORACLE_TRACEABILITY.csv,open
TD-B06,yes,Final distribution/family and endpoint specification and degenerate-outcome coding (after dispersion and ceiling checks),Statistician,pilot,G2,STATISTICAL_ANALYSIS_PLAN.md,open
TD-B07,yes,Significance level; power target; minimum detectable effect; and effect-size boundaries (NOT derived from v1),Statistician,a-priori plus pilot,G3,STATISTICAL_ANALYSIS_PLAN.md; PILOT_GATE_MATRIX.csv; INDUSTRIAL_DATA_AUDIT.md,open
TD-B08,yes,The C2 to C4 token-match tolerance value (from the measured C4 MAD token count),Study Lead + Statistician,pilot task design,G4,RESEARCH_QUESTIONS.md; CONDITIONS.md; CONDITION_MATRIX.csv; CLAIMS_CONSTRUCTS_METRICS.csv,open
TD-B09,yes,Industrial data availability; AFCI adoption date; minimum interpretable sample; raw-data access; and anonymization feasibility,Industrial Data Owner (FGC),feasibility audit,G7,INDUSTRIAL_DATA_AUDIT.md; CLAIMS_CONSTRUCTS_METRICS.csv,open
TD-B10,yes,Replication count per cell (from pilot dispersion and target precision; NOT from v1),Statistician,pilot,G2/G3,STATISTICAL_ANALYSIS_PLAN.md; REVIEWER_RESPONSE_MATRIX.csv,open
TD-B11,yes,Total fixed budget per run (tokens/turns/time) kept equal for reset and non-reset,Harness Engineer,pilot task design,n/a,RESET_PROTOCOL.md; RESET_CHECKPOINT_MATRIX.csv,open
TD-B12,yes,Guard/oracle validation (labelled corpus; mutation tests; alias+barrel+re-export resolution; moved/deleted-code and full-repository evaluation; seeded-violation sensitivity; known-good diverse-solution specificity; legitimate alternatives frozen before confirmatory data; blinded double rating >=0.70),Guard Engineer,pilot,G6,TASK_RULE_MATRIX.csv; TASK_ACCEPTANCE_MATRIX.csv; ORACLE_TRACEABILITY.csv; ORACLE_VALIDATION_REQUIREMENTS.md; guard_result.schema.json; experiments/v2/oracle; architecture_finding.schema.json; evaluator_manifest.schema.json; MANUAL_RATING_PROTOCOL.md,open
TD-B13,yes,Demonstrate benchmark discrimination (tasks and checkpoints distinguish conditions; non-degenerate),Pilot Task Designer + Statistician,pilot,G2,PILOT_GATE_MATRIX.csv,open
TD-B14,yes,Task-suite selection and layer taxonomy (required/optional/prohibited layers per task),Task Designer,pilot task design,G1/G2,TASK_LAYER_MATRIX.csv; RESET_CHECKPOINT_MATRIX.csv,open
TD-B15,yes,The pre-registered unacceptable-cost tolerance for RQ3,Statistician + Study Lead,pilot,n/a,RESEARCH_QUESTIONS.md; CLAIMS_CONSTRUCTS_METRICS.csv; STATISTICAL_ANALYSIS_PLAN.md,open
TD-B16,yes,Agent-visible CI separation enforced in the live runner (ci:agent is the only CI the coding model sees; hidden acceptance and architecture-oracle checks never enter the model workspace or feedback loop),Harness Engineer,after the runner exists (TD-B02),n/a,EXPERIMENTAL_CI_POLICY.md; CONDITIONS.md; MODEL_EXECUTION_CONTROLS.md; CRITICAL_DESIGN_DECISIONS.md; REVIEWER_RESPONSE_MATRIX.csv,open
TD-B17,yes,Public-task architecture-leakage validation of the authored v2 task suite (validator OK on every public task; reviewed exceptions justified),Task Designer,pilot task design,G1,TASK_AUTHORING_POLICY.md; TASK_LEAKAGE_TERMS.yml; CRITICAL_DESIGN_DECISIONS.md; REVIEWER_RESPONSE_MATRIX.csv,open
TD-B18,yes,Byte-identical C3/C4 frozen architecture-content parity (content hashes recorded; no C4-only hard rule; frozen before pilot outcome collection),Oracle Designer,pilot task design,G5,CONDITION_PARITY_POLICY.md; CONDITION_CONTENT_MATRIX.csv; CONDITIONS.md; CONDITION_MATRIX.csv; CLAIMS_CONSTRUCTS_METRICS.csv; CRITICAL_DESIGN_DECISIONS.md,open
TD-B19,yes,Isolated container/dedicated environment + dedicated identity + CLEAN context audit with managed policy absent for every counted run,Harness Engineer,container baseline,n/a,CONTEXT_ISOLATION_POLICY.md; PILOT_AND_POWER_POLICY.md; CRITICAL_DESIGN_DECISIONS.md; REVIEWER_RESPONSE_MATRIX.csv,open
TD-B20,yes,Interaction-focused power simulation targeting condition x reset (mandatory before the core grid; final task/repetition/run counts simulation-determined; NOT from v1),Statistician,pilot,G2/G3,STATISTICAL_ANALYSIS_PLAN.md; PILOT_AND_POWER_POLICY.md; PILOT_GATE_MATRIX.csv; CRITICAL_DESIGN_DECISIONS.md; REVIEWER_RESPONSE_MATRIX.csv,open
TD-B21,yes,Runtime model-id dry runs (resolved-model-id readback Q1; invalid-model-id rejection Q8) verified after the runner exists; blocking before the paid pilot,Harness Engineer,after dry-run validation (TD-B02),n/a,MODEL_EXECUTION_CONTROLS.md; MODEL_REGISTRY.yml; PILOT_AND_POWER_POLICY.md; CRITICAL_DESIGN_DECISIONS.md; REVIEWER_RESPONSE_MATRIX.csv,open
TD-B22,yes,Runner-time enforcement of the model-visible worktree policy (every counted run's coding worktree built by prepare_model_worktree.py from the allowlist; no explicit architecture payload or rule catalog in any condition's workspace; C3 persistent payload and C4 prompt-only payload verified; snapshot content_hash recorded per run),Harness Engineer,after the runner exists (TD-B02),G3/G4/G5,MODEL_VISIBLE_WORKTREE_POLICY.md; CONDITIONS.md; CONDITION_MATRIX.csv; CONDITION_CONTENT_MATRIX.csv; CONDITION_PARITY_POLICY.md; HIDDEN_EVALUATOR_BOUNDARY.md; EVALUATOR_MOUNT_POLICY.md; CONTEXT_ISOLATION_POLICY.md; prepare_model_worktree.py,open
TD-B23,yes,"RESOLVED - disposition NEUTRALISE (not pre-register). The model-visible source comments that stated scored dependency rules to every condition including the C1 baseline have been removed: apps/api/src/app.ts (the api->core prohibition, the architecture-CI consequence and the worked commented-out forbidden import), libs/infra/src/index.ts (the infra->core avoidance justified as a deliberate architectural choice) and libs/features/src/index.ts (the api->core prohibition restated from the features side). The edit is comment-only and was proven non-behavioural (identical emitted JS with comments stripped, identical AST fingerprint, identical import/export edges) so the source substrate was re-identified rather than re-designed; ordinary structural signals (folder names, scope tags, path aliases, import edges, behaviour-describing comments) deliberately remain, and api->core, infra->core and features->infra all remain structurally detectable. Regression proof: PROOF 10 in test_model_worktree_preparation.py, with the verbatim pre-remediation bytes preserved in experiments/v2/leakage_fixtures/. No benchmark or model execution occurred and nothing was frozen",Task Designer + Study Lead,resolved before the pilot (substrate decision),G2/G3,MODEL_VISIBLE_WORKTREE_POLICY.md; PILOT_GATE_MATRIX.csv; RESEARCH_QUESTIONS.md; TASK_AUTHORING_POLICY.md,resolved
TD-B24,yes,"RESOLVED. The worktree leakage sweep now reads file CONTENT as well as names: scan_source_comment_disclosures parses JS/TS line and block comments (skipping string, template and regex literals so quoted text is not read as prose), JSON string values (not keys, so the agent lint config is not flagged for naming the rule it switches off), hash-comment config files and prose files, and scan_snapshot_violations refuses with the new code ARCHITECTURE_COMMENT_DISCLOSURE. A comment counts only when it states a RULE - a worked violation example, a commented-out workspace-package import, a named rule/opportunity id, or a prohibition/exclusivity claim paired with a named layer - so comments that merely name layers, modules or imports are not flagged and the audit is not over-broad. Positive and negative regression cases both exist (PROOF 10) including the verbatim pre-remediation bytes and a negative fixture of the retained prose, and the real prepared C1 and C2 snapshots pass. Runner-time enforcement of the surrounding policy remains open as TD-B22",Harness Engineer,resolved before the pilot (TD-B22 still open for runner-time enforcement),G2/G3,MODEL_VISIBLE_WORKTREE_POLICY.md; prepare_model_worktree.py; test_model_worktree_preparation.py,resolved
TD-B25,yes,PT03's public repeat-request contract is contradictory: it permits a change to any of the five accepted values (including delivered and cancelled) while also requiring that repeating the same request returns the same stored status and that a delivered or cancelled current status answers HTTP 409 ConflictError so a target of delivered or cancelled cannot satisfy both; requires a separate public task amendment (not this work package) and a private relink of PT03's package to the amended hash,Task Designer,separate public PT03 amendment,G1/G2,PILOT_PUBLIC_TASK_MATRIX.csv; TASK_INDEX.csv; TASK_AUTHORING_REPORT.md,open
TD-B26,yes,PR02's terminal-state completion criterion (cancelling a shipped or delivered order answers HTTP 409 ConflictError) is not externally reachable at the source substrate because no public endpoint can move an order out of its created status and PR02 creates none; PR02 must not be activated or promoted until the criterion is repaired and the repair is independently re-approved,Task Designer,before any reserve activation,G1/G2,PILOT_PUBLIC_TASK_MATRIX.csv; TASK_INDEX.csv; TASK_AUTHORING_REPORT.md,open
TD-B27,yes,"The attribution RULE is now decided and implemented publicly: an opportunity is scored over its frozen architectural scope (locator.scope resolved through dependency_policy.layers path globs) rather than on an exact importer path, locator.importer_path is provenance only, NOT_APPLICABLE requires an absent scope, and one frozen decision contributes at most one violation - regression-locked by the M0-M7 mutation corpus in experiments/v2/oracle/tests/scopeAttribution.test.ts, which covers violations introduced in NEW files, moved files and after anchor deletion. What REMAINS blocking: every private per-task opportunity set must be re-authored and re-justified under scope attribution (scope + forbidden targets + leaf rule, no AR-DEP-001 umbrella opportunities, no duplicated decisions) and the attribution must still be validated on the labelled corpus against the pre-registered precision/recall bar",Guard Engineer,pilot (with TD-B12),G6,ORACLE_VALIDATION_REQUIREMENTS.md; PILOT_GATE_MATRIX.csv; STATISTICAL_ANALYSIS_PLAN.md; experiments/v2/oracle,open
TD-B28,yes,AR-DEP-001 (the umbrella rule that puts the whole dependency matrix in force) must be considered for all private per-task manifests so that relevant dependency-family violations are not silently omitted from scoring; a manifest listing only some per-layer clauses scores only those clauses and drops the rest,Oracle Designer,private manifest re-authoring (with TD-B05/TD-B14),G1/G6,ARCHITECTURE_RULE_CATALOG.yml; TASK_RULE_MATRIX.csv; PILOT_GATE_MATRIX.csv,open
TD-B29,yes,The private opportunity identified as PT04-OPP-01 must be independently re-justified or removed privately; its identifier is recorded here as an identifier only and its content justification and disposition stay in the private evaluator repository,Oracle Designer,private manifest re-authoring (with TD-B05),G1,TASK_RULE_MATRIX.csv; ORACLE_TRACEABILITY.csv,open
TD-B30,yes,"Repeated frozen opportunities collapse onto a small number of shared boundary decisions so opportunity instances are pseudo-replicates rather than independent observations; the mandatory interaction power simulation (TD-B20) must model this pseudo-replication and the analysis must carry a matching sensitivity re-fit. The pseudo-replication is governed explicitly by decision_cluster_id = source_scope + forbidden_target + leaf_rule: every scored opportunity carries it into the analysis artifact, several already-authored scored tasks are repeated observations of ONE such cluster and must never be entered as independent architecture decisions, and the currently adjudicated active set holds 5 opportunities across only 3 clusters. Because that cluster count is FIXED and SMALL the pseudo-replication is represented by decision_cluster_id as a FIXED factor rather than by a random-intercept variance estimated from a handful of groups, at G = 3 and at every smaller admissible G (STATISTICAL_ANALYSIS_PLAN.md sections 4b-4c; TD-B41). The realised G is the number of cluster levels carrying a final frozen E1-eligible opportunity after the eligibility gates resolve: G = 3 is the current expectation rather than a guarantee, and the G = 2 contingency and the G < 2 blocking rule are pre-registered in section 4c before any power simulation, and the matching sensitivity re-fit is the small-cluster robust/randomisation programme recorded there rather than a cluster random effect",Statistician,pilot (with TD-B20),G2/G3,STATISTICAL_ANALYSIS_PLAN.md; PILOT_AND_POWER_POLICY.md; PILOT_GATE_MATRIX.csv; CLAIMS_CONSTRUCTS_METRICS.csv; DEPENDENCY_TASK_FEASIBILITY.md,open
TD-B31,yes,A suite-wide public-interface reachability validation is required rather than the current PT06-only guard: every completion criterion of every candidate must be provably reachable through the public interface of the unchanged source substrate without a failure-injection hook test-only route special header or environment flag,Task Designer,pilot task design (before freeze),G1/G2,TASK_AUTHORING_POLICY.md; TASK_AUTHORING_REPORT.md; test_pt06_feasibility.py,open
TD-B32,yes,The hidden evaluator scaffolds remain draft_unvalidated and require independent review plus reference and mutation validation before any package may be approved or frozen,Oracle Designer + Guard Engineer,private review and validation (with TD-B05/TD-B12),G1/G6,HIDDEN_EVALUATOR_BOUNDARY.md; ORACLE_VALIDATION_REQUIREMENTS.md; TASK_ACCEPTANCE_MATRIX.csv,open
TD-B33,yes,Implementing AR-CONTRACT-001 or AR-CODE-001 as automated oracle checkers remains future work whose purpose is to BROADEN E1 to further architecture dimensions; it must never be used to readmit a task that was structurally excluded from E1 post hoc and any such broadening requires its own pre-registration before data collection,Oracle Designer + Study Lead,future protocol version (not this package),G1/G8,ARCHITECTURE_RULE_CATALOG.yml; RESEARCH_QUESTIONS.md; CLAIMS_CONSTRUCTS_METRICS.csv; PILOT_GATE_MATRIX.csv,open
TD-B34,yes,"DECISION B (RE-SCOPED) - govern adequate coverage of the COMPLETE task-creatable dependency-decision space of the canonical substrate before Stage 0, through REPLICATION DEPTH over the three demonstrated decision clusters rather than through additional leaf-rule or source-scope breadth. TD-B34-BREADTH-HISTORICAL: AS ORIGINALLY RECORDED this decision directed the next authoring packages to author additional public tasks exercising genuinely different existing dependency-direction leaf rules and source/target boundaries; that BREADTH OBJECTIVE IS SUPERSEDED AND STRUCTURALLY UNATTAINABLE, because an independent remaining-leaf feasibility review has since assessed every remaining implemented leaf against the canonical substrate 630d3180af0d02a86330dfb599f559e78df65e94 (content hash 0198d76c189f38589e872cab4305527c08e86ef736e1550e428e05f9178060f3) and the functional acceptance observation boundary and classified AR-DEP-002 (contracts source), AR-DEP-003 (core source) and AR-DEP-004 (infra source) as THEORETICALLY DETECTABLE BUT NOT TASK-CREATABLE ON THE CURRENT SUBSTRATE, leaving a demonstrated hard ceiling of 3 decision clusters, 2 leaf rules, 2 source scopes and 3 forbidden targets with all three achievable clusters already represented (DEPENDENCY_TASK_FEASIBILITY.md sections 2-3). The motivation is unchanged and remains CONSTRUCT VALIDITY: the independently adjudicated active set carries 5 E1 opportunities across 3 decision clusters (source_scope + forbidden_target + leaf_rule) of which TWO ARE SINGLETONS - DC-FEATURES-API-AR-DEP-006 with 1 observation and DC-API-CORE-AR-DEP-005 with 1 observation, against DC-FEATURES-INFRA-AR-DEP-006 with 3 - and repeated tasks over one boundary are one architectural instrument observed repeatedly rather than independent architecture constructs, while a single observation of a boundary is a thin instrument whichever boundary it is. THE RE-SCOPED OBJECTIVE: (1) retain all three demonstrated clusters; (2) add independent functional instruments to the singleton clusters where scientifically feasible, priority A = DC-FEATURES-API-AR-DEP-006 then priority B = DC-API-CORE-AR-DEP-005, with DC-FEATURES-INFRA-AR-DEP-006 explicitly NOT the immediate replication priority; (3) do NOT author artificial tasks created only to hit mechanically implemented leaves; (4) document the substrate breadth ceiling as a CONSTRUCT-VALIDITY LIMITATION of the study rather than a defect to be engineered away; (5) defer any broader leaf/source-scope generalisation to a declared substrate redesign (recorded as a Study Lead alternative that this package does NOT select) rather than pretending the current substrate can support it. NO exact new task body is specified by this re-scope and it is NOT asserted that two suitable new tasks exist: the functional distinctness and the task-created validity of any replication candidate still require a separate pre-authoring review under the eleven authoring requirements and section 8a. This decision PREDATES any benchmark or model outcome and NO experimental result exists; NO reserve is being activated merely to restore task count (PR01/PR02 stay inactive and PR02 stays blocked under TD-B26); the deficiency is TASK-SET COVERAGE and NOT an oracle failure; the repaired scope-based oracle remains the approved attribution mechanism; and NEW RULE FAMILIES ARE NOT REQUIRED, because the binding constraint is SUBSTRATE FEASIBILITY rather than checker coverage - implementing a further rule family would not make the substrate able to create a decision it cannot create, and AR-DEP-002/003/004 are already implemented and already mechanically detectable while being not task-creatable. Each new candidate must pass the eleven authoring requirements and the task-created-decision test recorded in TASK_AUTHORING_REPORT.md and TASK_AUTHORING_POLICY.md section 12. Gates G1/G2/G6 stay BLOCKING and the suite is NOT ready. PROGRESS (not resolution): ONE new primary task has now been authored under this decision - PT07 'Price a proposed order before it is placed' (pricing-endpoint; primary; e1_analysis_eligibility=scored; task_status=candidate; public SHA-256 557caed09420354e...) - authored BEFORE any benchmark or model execution from a candidate whose design and public-interface feasibility were independently reviewed beforehand; in aggregate terms it adds a previously unrepresented implemented leaf/source-scope candidate, and no public artifact maps it to a rule id an opportunity or an expected or prohibited area (though the suite-level cluster inventory this re-scope publishes makes its cluster inferable - recorded as a disclosed consequence in DEPENDENCY_TASK_FEASIBILITY.md section 1); it is decidable through HTTP alone with no declared seam no internal-state inspection no seeded state and NO non-persistence assertion (that criterion was independently rejected as externally ungradeable); and NO reserve was activated. TD-B34 REMAINS OPEN AND BLOCKING under the re-scoped objective: the three achievable clusters are occupied but two of them are observed once each, so the active set still does not carry the replication depth the confirmatory construct needs; further candidate authoring is still required before Stage 0, now aimed at replication depth inside the singleton clusters rather than at unattainable breadth; the required pre-authoring review of replication candidates has not happened; no power simulation may run yet (TD-B37); and PT07 still cannot enter E1. RECONCILED AGAINST THE AUTHORISED PRIVATE STATE: PT07's private evaluator package HAS NOW BEEN AUTHORED and linked to the approved public task hash, so the statement that PT07 has no private package is withdrawn as stale. It HAS ALSO NOW BEEN INDEPENDENTLY REVIEWED AND APPROVED: an external independent READ-ONLY review of that package returned verdict APPROVE with P0=0, P1=0 and P2=6 hardening findings, all six of which the private package has since implemented, and that approval is now propagated into the private governance record. The earlier statement that the package has NOT been independently reviewed is therefore ALSO withdrawn as stale. THAT APPROVAL IS NOT A FREEZE AND NOT A GATE PASS, and none of the following changes: the package is status=review and is NOT frozen; gate G1 is NOT passed; PT07 is NOT yet eligible for an actual E1 run; and its opportunity set is a candidate rather than a demonstrated frozen denominator (TD-B05/TD-B14/TD-B32). Provenance is recorded exactly as supplied: the review was an external read-only review supplied to the governance process, no reviewer identity, external URL or timestamp was supplied and none is claimed, and the review event PRECEDES the commit that records it - the private package records rather than performs it. The approval covers the PT07 PACKAGE only: it does NOT cover the opportunity migration, whose independent re-approval remains outstanding under TD-B40 residual (B), and it does NOT cover the eight other private packages, which remain review_required. It must NOT be closed by authoring toward the superseded breadth objective, by activating a reserve, or by raising the task count",Task Designer + Study Lead,further public task-authoring work packages (before Stage 0),G1/G2/G6,TASK_AUTHORING_POLICY.md; TASK_AUTHORING_REPORT.md; DEPENDENCY_TASK_FEASIBILITY.md; PILOT_PUBLIC_TASK_MATRIX.csv; PILOT_GATE_MATRIX.csv; STATISTICAL_ANALYSIS_PLAN.md; PILOT_AND_POWER_POLICY.md; TASK_INDEX.csv,open
TD-B35,yes,"PT05 is reclassified from scored to functional-only by the independent pre-run opportunity reassessment because its required functional work creates no currently scored dependency-direction opportunity; its private per-task manifest must therefore be migrated to e1_analysis_eligibility=functional-only and carry NO dependency-direction opportunity denominator or the engine fails closed (ELIGIBILITY_TASK_INDEX_MISMATCH / ELIGIBILITY_DENOMINATOR_CONFLICT). The reclassification is a construct/feasibility judgement made before any benchmark or model execution and must never be reported as zero violations failed missing invalid or a refusal; PT05 continues to contribute to hidden functional acceptance cost reset-related functional outcomes and pre-registered exploratory analyses. The private evaluator repository was NOT accessed or modified by this package",Oracle Designer,private manifest re-authoring (with TD-B05/TD-B14),G1,PILOT_PUBLIC_TASK_MATRIX.csv; TASK_INDEX.csv; TASK_AUTHORING_REPORT.md; ORACLE_TRACEABILITY.csv; STATISTICAL_ANALYSIS_PLAN.md,open
TD-B36,yes,"E1 is now computed from the PRODUCTION dependency graph only: test specs test support material and tooling/build configuration TypeScript are partitioned out before any import edge is built (baseline policy PSP-V1; additive-only manifest extension; fail-closed on a malformed declaration). The labelled validation corpus and every private per-task frozen opportunity set must be re-checked under this policy so that no opportunity depended on a test-only or config-only dependency and no seeded violation was placed in an excluded file; the policy itself also requires independent review before freeze. Regression-locked publicly by mutation cases M8-A to M8-F but NOT discharged",Guard Engineer,pilot (with TD-B12/TD-B27),G6,ORACLE_VALIDATION_REQUIREMENTS.md; PILOT_GATE_MATRIX.csv; experiments/v2/oracle; evaluator_manifest.schema.json; architecture_finding.schema.json,open
TD-B37,yes,"The current architecture task set is NOT confirmatory-ready and no final power value may be frozen from it: repeated task exposures to the same source/target boundary are CLUSTERED observations; task count is NOT equal to the independent architecture-decision count; the final interaction power simulation (TD-B20) must occur ONLY AFTER the TD-B34 objective is met and approved; and a decision/boundary CLUSTER IDENTIFIER must be carried in the eventual analysis artifact so the clustering can be modelled and a matching sensitivity re-fit reported (with TD-B30). It was first recorded against the four-task set that existed then (PT01-PT04); the set is now five scored candidates over three decision clusters, two of them singletons, which does not discharge it. THE POWER SIMULATION REMAINS BLOCKED UNTIL ALL FOUR PRECONDITIONS HOLD: (a) the TD-B34 re-scope to replication depth is complete and its authoring outcome independently approved; (b) the replication design is known, i.e. which clusters receive an additional independent instrument and which stay singletons; (c) the small-cluster analysis method is PRE-REGISTERED at the realised cluster count, which STATISTICAL_ANALYSIS_PLAN.md section 4b does for the expected G = 3 and section 4c does for the realised-G rule including the pre-registered G = 2 contingency and the G < 2 blocking rule, subject to the residual specification decision TD-B41; and (d) the final E1 denominator structure is known, i.e. which candidates carry a valid non-zero frozen opportunity set (TD-B05/TD-B14 gate G1) - which is also what fixes the realised G, so (c) and (d) must be read together and G must never be assumed to be 3 before (d) resolves. No power simulation was run and no power value is frozen by this package or by the governance package that re-scoped TD-B34",Statistician,after the TD-B34 objective is met and approved (with TD-B20/TD-B30/TD-B41),G2/G3,STATISTICAL_ANALYSIS_PLAN.md; PILOT_AND_POWER_POLICY.md; PILOT_GATE_MATRIX.csv; TASK_AUTHORING_REPORT.md; DEPENDENCY_TASK_FEASIBILITY.md,open
TD-B38,yes,"RESOLVED - disposition NEUTRALISE, recorded as a threat class SEPARATE from TD-B23. Model-visible repository metadata disclosed the EXPERIMENT (not the scored rule) to every condition including the no-guidance C1 baseline: package.json carried description ""Architecture-First Context Injection Benchmark"", which expands the AFCI construct in full and names the study as a benchmark, plus the scripts oracle:test and oracle:typecheck, whose names disclosed a hidden oracle and whose commands pointed at experiments/v2/oracle; .gitattributes carried prose naming ""AFCI-Bench study v2"", the canonical architecture context, its delivery ""identically to the repository-instruction conditions"" and the committed fixtures. A C1/C2 model reading these learns nothing about which dependency direction is legal, so TD-B23 does not cover it, but it does learn that architecture is the scored construct and that a treatment and an oracle exist - demand characteristics that stop a no-guidance baseline being a no-guidance baseline. Remediated in commit 630d3180af0d02a86330dfb599f559e78df65e94, which replaces 15aa99f5 as the canonical source substrate: neutral description, both oracle scripts removed with no replacement model-visible script pointing at the oracle or the experiment tree, and neutral .gitattributes retaining every functional directive. Every participant script (ci, ci:agent, lint, lint:agent, typecheck, test, build, serve) is byte-identical and no application or model-facing command referenced the removed scripts. No architecture rule, dependency graph, task body, task hash, task eligibility or application behaviour changed; apps/ and libs/ trees are byte-identical to 15aa99f5 and package-lock.json needed no edit. Detector: scan_experiment_awareness refuses with the new code EXPERIMENT_AWARENESS_DISCLOSURE, matching only contextual combinations (never bare words like architecture, test, condition, context or benchmark) and flattening wrapped prose so a phrase split across lines is still caught. Regression proof: PROOF 11 in test_model_worktree_preparation.py with the verbatim pre-remediation bytes preserved in experiments/v2/leakage_fixtures/ (td_b38_package_metadata.json.fixture, td_b38_gitattributes_prose.fixture) and negative fixtures of innocent application vocabulary. RESIDUAL, accepted and recorded not silently closed: the @afci-bench/* workspace scope remains in tsconfig.base.json path aliases and in apps/ and libs/ import statements; removing it means editing application source and re-identifying the substrate, so it is deliberately out of scope here and needs its own work package. With the description gone it is an opaque npm scope stating no benchmark, condition, treatment or oracle. Discovered and fixed BEFORE any task authoring and BEFORE any benchmark or model execution, so no result is affected and nothing was frozen",Harness Engineer + Study Lead,"resolved before the pilot (substrate decision, pre-authoring)",G2/G3,"SOURCE_SUBSTRATE_IDENTITY.md; MODEL_VISIBLE_WORKTREE_POLICY.md; prepare_model_worktree.py; test_model_worktree_preparation.py",resolved
TD-B39,yes,"The FUNCTIONAL ACCEPTANCE OBSERVATION BOUNDARY is now defined suite-wide and the existing hidden acceptance packages must be migrated onto it before any of them may be validated or frozen. Normative statement: HIDDEN_EVALUATOR_BOUNDARY.md sections 9-14. Externally observable functional acceptance through HTTP plus explicitly declared task-relevant application seams: HTTP request/response is the DEFAULT observation surface; a declared application seam is permitted ONLY where the public task requires an externally emitted behaviour that HTTP cannot faithfully carry, and exactly one such seam is declared suite-wide (the LogOutput sink supplied through createApp({ logOutput }), grounded in PT04's public text); a seam must be declared BEFORE hidden-test implementation and a hidden test may never create one; hidden acceptance may NOT inspect implementation-specific persistence, module state, classes, source files or architecture findings to decide pass/fail; hidden state seeding through implementation modules is prohibited and an unreachable precondition is a TD-B31 blocker rather than a licence to reach inside; a conforming implementation with a different internal design must remain gradeable; test isolation is NEVER an acceptance oracle; and architecture scoring and functional acceptance stay channel-separated so neither result is an input to the other. resetOrderRepository() was independently assessed and REJECTED as the normative isolation mechanism because it couples the evaluator to one implementation twice over - the exported symbol is not guaranteed to survive a conforming change that injects or replaces the repository or drops the module-level singleton, and even where it survives its effect is implementation-dependent because createApp resolves persistence once at construction; it is reclassified as LEGACY BASELINE-TEST INFRASTRUCTURE belonging to the substrate's visible app.spec.ts, left in the substrate untouched, and is neither an approved evaluator mechanism nor ever evidence for an assertion. The normative isolation method is a freshly constructed application over a freshly evaluated module graph. WHAT REMAINS BLOCKING: the private hidden acceptance packages record 'repository reset' as part of their intended runtime wiring and must be migrated to fresh-app isolation, and every planned assertion must be re-checked against the permitted observation channels, before any package may be validated or frozen. The boundary was decided BEFORE any further hidden acceptance was written, so no task's grading surface is chosen after its assertions exist. The private evaluator repository was NOT modified by the package that records this",Oracle Designer,private hidden acceptance re-authoring (with TD-B05/TD-B32),G1/G6,HIDDEN_EVALUATOR_BOUNDARY.md; TASK_AUTHORING_POLICY.md; ORACLE_VALIDATION_REQUIREMENTS.md; TASK_AUTHORING_REPORT.md; test_functional_acceptance_boundary.py,open
TD-B40,yes,"RE-SCOPED to the residual inactive-reserve and re-approval housekeeping after the authorised private migration; the ACTIVE-SET requirement this row was opened for is SUBSTANTIALLY DISCHARGED. WHAT IS DISCHARGED: the preservation-only dependency-direction opportunities the independent pre-authoring reassessment ordered removed are NO LONGER IN THE ACTIVE E1 SET. None appears in any per-task evaluator manifest opportunity set, none counts toward any E1 denominator, and each survives only as an explicitly SUPERSEDED detection-only historical record carrying its removal reason - removal was enacted as auditable supersession rather than silent deletion, which is what the private migration register records. WHAT THIS ROW PREVIOUSLY ASSERTED AND WHICH IS NOW FALSE, corrected here rather than left standing: it is NOT the case that every retained active dependency decision sits in one source scope under one leaf rule; it is NOT the case that the active set spans only two decision clusters; and the api source scope and the AR-DEP-005 (api -> core) leaf rule are NOT unrepresented. The independently adjudicated active set holds 5 opportunities across 3 decision clusters (a cluster is source_scope + forbidden_target + leaf_rule) over 2 leaf rules, 2 source scopes and 3 forbidden targets - the demonstrated task-creatable ceiling, with all three achievable clusters represented (DEPENDENCY_TASK_FEASIBILITY.md sections 2-3). The remaining construct-validity deficiency is REPLICATION DEPTH inside the two singleton clusters; it is governed by the re-scoped TD-B34 and is not restated as a coverage gap here. WHAT REMAINS OPEN AND BLOCKING UNDER THIS ROW, and it is only this: (A) INACTIVE-RESERVE HOUSEKEEPING - RE-AUTHORING NOW PERFORMED, RE-APPROVAL OUTSTANDING. PR01 and PR02 held draft opportunity rows authored before the repaired scope-based oracle and before the reassessment and still shaped as scored rows. Authorised private work has since RE-ASSESSED every one of those rows under the current governance - the task-created-decision standard, scope-based attribution, the demonstrated feasibility ceiling, the preservation-only rule and the production-source policy - and each now carries an explicit recorded disposition: four rows were DEMOTED to superseded, detection-only, historical non-scoring records (PR01's two and PR02's api->core row as preservation-only; PR02's infra->core / AR-DEP-004 row as detectable but NOT task-creatable on the current substrate, which additionally BARS it from ever entering an E1 denominator and means no legacy reserve row may be read as a task-creatable fourth decision cluster), and ONE row survives as a task-created reserve candidate migrated to scope-based attribution with importer_path retained as provenance only. PR01 consequently carries no dependency-direction opportunity at all and could only ever be activated as a FUNCTIONAL candidate. NO RESERVE WAS ACTIVATED: both reserves remain inactive-reserve, the surviving row is analytically inactive, it enters no active cluster register, it contributes to no endpoint, the reserve denominator is 0, and PR02 stays independently blocked by TD-B26 - a defensible architecture row does not unblock an ungradeable functional contract. WHAT REMAINS OPEN UNDER (A): that reconciliation has NOT itself been independently re-approved, so no reserve may be activated until it is and until the activation is separately and independently approved. (B) INDEPENDENT RE-APPROVAL - the migration has NOT been independently reviewed and NO per-task manifest is frozen (every manifest is status=review), so the removal and the reserve-row reconciliation under (A) are performed but not yet independently re-approved and gate G1 is not passed. This is unaffected by the independent approval of the PT07 PACKAGE recorded under TD-B34: package approval and migration re-approval are different facts, and neither is a freeze. Until (A) and (B) hold, no coverage claim, power calculation or novelty assessment may treat the reserve rows as active coverage or treat the migration as approved. This is a task-set and manifest-governance matter and is not an oracle failure. The private repository was inspected read-only for governance reconciliation; no private file was modified",Oracle Designer,"inactive-reserve re-authoring and independent re-approval of the migration (with TD-B27/TD-B32/TD-B35/TD-B36)",G1/G6,TASK_AUTHORING_POLICY.md; TASK_AUTHORING_REPORT.md; ORACLE_VALIDATION_REQUIREMENTS.md; ORACLE_TRACEABILITY.csv; DEPENDENCY_TASK_FEASIBILITY.md,open
TD-B41,yes,"Residual specification of the small-cluster E1 analysis at the REALISED cluster count G, which cannot be responsibly fixed without the runner data shape. G IS NOT ASSERTED TO REALISE AS THREE AND THIS DECISION NO LONGER CLAIMS THAT IT CAN ONLY EVER BE THREE: G is defined in STATISTICAL_ANALYSIS_PLAN.md section 4c as the number of decision_cluster_id levels carrying at least one final, frozen, E1-eligible opportunity once the eligibility gates are resolved (TD-B05/TD-B14/TD-B32/TD-B40, gate G1). Three is the demonstrated task-creatable CEILING and the current EXPECTATION, not a guaranteed realisation, because final E1 eligibility still depends on manifest validation approval and freeze; the G=2 contingency and the G<2 blocking rule are pre-registered in section 4c BEFORE any power simulation, and this decision governs the residual structure under whichever G realises. WHAT IS ALREADY PRE-REGISTERED and is NOT reopened by this decision (STATISTICAL_ANALYSIS_PLAN.md sections 4b-4c): decision_cluster_id enters as a FIXED factor at every admissible G and NO cluster random-intercept variance is ever estimated from so few clusters; the pre-registered clusters are treated as an exhaustively enumerated fixed set rather than a sample from a population of clusters; condition and reset and their interaction remain the inferential target and are identified WITHIN clusters because every scored task is run under every condition; opportunities and repeated runs remain nested observations inside the three known clusters and are never entered as independent architecture decisions; and inference must never be reported as if G were large. WHAT REMAINS OPEN, with the permitted options enumerated so the choice cannot drift: (1) the repeated-measures structure for task and run given the realised counts - permitted options are (1a) task as a fixed block nested within cluster, (1b) task as a random intercept ONLY if the realised number of scored tasks and the fitted variance make it identifiable, or (1c) a cell-level dispersion/observation-level term - chosen by pre-registered criteria at pilot, never by which option gives the larger effect; (2) whether the cluster-robust sensitivity is CR2 or CR3 with Satterthwaite-style degrees of freedom, conditional on the implementation supporting it reliably at the realised G, with the honest fallback that at three clusters cluster-robust degrees of freedom are themselves unreliable and at G=2 they are unusable, in which case the within-block randomisation/permutation inference carries the sensitivity instead and the cluster-robust re-fit is omitted or reported as explicitly unreliable rather than promoted to primary evidence; (3) whether the cluster x condition heterogeneity check is reportable at the realised cell sizes, noting that at G=2 it carries only ONE between-cluster contrast and must be interpreted as such. NOTHING data-dependent may be run before this is resolved, and it must be resolved BEFORE the TD-B37 power simulation. No model was fitted, no data exist and no power value is frozen",Statistician,before the TD-B37 power simulation (with TD-B06/TD-B20/TD-B30),G2/G3,STATISTICAL_ANALYSIS_PLAN.md; PILOT_AND_POWER_POLICY.md; DEPENDENCY_TASK_FEASIBILITY.md,open
TD-N01,no,Pin CI to the exact Node patch (node-version-file .nvmrc) so CI and local cannot drift,Harness Engineer,before final config freeze,n/a,ENVIRONMENT_BASELINE.md,open
TD-N02,no,Triage the 41 known npm advisories in the transitive tree,Harness Engineer,before final config freeze,n/a,ENVIRONMENT_BASELINE.md,open
TD-N03,no,Decide whether to add a workflow/agent experimental arm with a recordable mechanism,Study Lead,optional; later,n/a,MODEL_EXECUTION_CONTROLS.md,open
TD-N04,no,Capture the container image digest in environment_fingerprint once the container baseline is chosen,Harness Engineer,with the container decision,n/a,CONTEXT_ISOLATION_POLICY.md; run_manifest.schema.json,open
TD-N05,no,Detailed anonymization/pseudonymization scheme for the industrial dataset,Industrial Data Owner (FGC),with G7,G7,INDUSTRIAL_DATA_AUDIT.md,open
TD-N06,no,Escalation policy for repeated infrastructure failure on a single run cell,Harness Engineer,before runs,n/a,FAILURE_RERUN_POLICY.md,open
