oracle_id,construct,measured_quantity,task_id,rule_or_criterion_id,evaluator_type,evaluator_ref,input_artifact,output_artifact,mutation_sanity_test,claim_ids,status,owner,notes
OT-AC-VIOL,CON-AC,architecture-rule violation count/rate,ALL,TODO TD-B04 (per rule in TASK_RULE_MATRIX),automated,nx enforce-module-boundaries + AFCI guard (alias-aware @afci-bench/*),patch.diff on frozen base SHA,experiments/v2/results/<run_id>/oracle_result.json,TODO TD-B12 (seeded core->infra import must be flagged),CL01;CL02;CL03;CL14,TODO,Guard Engineer,direct conformance metric; guard must be validated (G6) before use
OT-AC-SAT,CON-AC,applicable-rule satisfaction proportion,ALL,TODO TD-B04,automated+manual,per-rule check + manual adjudication for non-automatable rules,patch.diff on frozen base SHA,experiments/v2/results/<run_id>/oracle_result.json,TODO TD-B12,CL04,TODO,Oracle Designer,direct conformance metric; check for ceiling/saturation
OT-TC-HAT,CON-TC,hidden acceptance-test pass proportion,ALL,TODO TD-B05 (per criterion in TASK_ACCEPTANCE_MATRIX),automated,hidden acceptance-test suite (withheld from the model),patched repository at frozen base SHA,experiments/v2/results/<run_id>/acceptance_result.json,TODO TD-B12 (known-good ref passes; known-bad ref fails),CL07,TODO,Oracle Designer,direct completeness metric; not visible CI
OT-TC-ACC,CON-TC,acceptance-criteria coverage,ALL,TODO TD-B05,manual+automated,per-criterion adjudication by two raters,patched repository at frozen base SHA,experiments/v2/results/<run_id>/acceptance_result.json,TODO TD-B12,CL08,TODO,Oracle Designer,supporting/descriptive completeness measure (exploratory); confirmatory completeness endpoint is E3/CL07 (hidden acceptance-test pass); report inter-rater agreement
OT-EC-CHURN,CON-EC,code churn; test churn; files changed (out-of-scope surface),ALL,TODO TD-B05 (out-of-scope surface),automated,diff vs base restricted to the out-of-scope surface,patch.diff on frozen base SHA,experiments/v2/results/<run_id>/run_manifest.json,n/a (footprint not a validity claim),CL09,TODO,Harness Engineer,secondary change-footprint metric; not architectural drift
OT-EC-COST,CON-EC,tokens; execution time; verification iterations,ALL,n/a,automated,machine-readable run output (modelUsage; timing; CI attempts),run stream/json output,experiments/v2/results/<run_id>/run_manifest.json,n/a,CL10,TODO,Harness Engineer,secondary engineering-cost metric
OT-RR-INT,CON-RR,condition x reset interaction on a direct outcome,ALL,derived from OT-AC-VIOL and OT-TC-HAT across reset states,derived,statistical model (see STATISTICAL_ANALYSIS_PLAN),paired reset/non-reset run outcomes,experiments/v2/analysis/,n/a (derived from validated direct metrics),CL06,TODO,Statistician,requires valid checkpoints (G2) and equal budgets; the confirmatory interaction endpoint (E4) maps to CL06 only; the exploratory reset main effect (CL05) is derived from the same paired outcomes
OT-IE-OBJ,CON-IE,objective review/delivery measures (pre vs post),ALL,n/a,manual,extraction from FGC review/delivery records per INDUSTRIAL_DATA_AUDIT,anonymized FGC PR/review dataset,experiments/v2/analysis/,n/a,CL11,TODO,Industrial Data Owner,gated on raw-record availability and minimum sample (G7); no invented counts
OT-IE-SURVEY,CON-IE,practitioner perception,ALL,n/a,manual,survey instrument export,survey responses (untracked; no PII in git),experiments/v2/analysis/,n/a,CL12,TODO,Study Lead,perception evidence only; reported separately from objective measures
